Period,Mean,Standard Deviation
after,1.9075538,2.9359546
before,2.0798678,2.9378335
