Period,Mean,Standard Deviation
after,2.1119277,3.1872644
before,2.7438214,3.6788177
