Period,Mean,Standard Deviation
after,2.2500606,3.3909638
before,2.2243292,2.9630558
