Period,Mean,Standard Deviation
after,2.1740508,3.2891533
before,2.1150877,2.7737164
