Period,Mean,Standard Deviation
after,1.9622717,2.8681104
before,3.4204664,4.6755157
