Period,Mean,Standard Deviation
after,2.1430998,3.2193763
before,3.0842361,4.1652155
