Period,Mean,Standard Deviation
after,2.2902248,3.6868286
before,2.4653223,3.3640332
