Period,Mean,Standard Deviation
after,1.7676498,2.7286916
before,1.9622717,2.8681104
