Period,Mean,Standard Deviation
after,2.1670718,3.3913975
before,2.3595672,3.1876929
