Period,Mean,Standard Deviation
after,10.640476,13.633687
before,11.814607,15.143556
