Period,Mean,Standard Deviation
after,11.802278,15.562351
before,13.239645,16.406916
