Period,Mean,Standard Deviation
after,11.476992,14.931896
before,12.136282,15.3223915
