Period,Mean,Standard Deviation
after,11.062373,14.282396
before,11.830782,15.162754
