Period,Mean,Standard Deviation
after,10.300583,13.164694
before,11.640068,15.058953
