Period,Mean,Standard Deviation
after,11.484865,14.950017
before,12.702912,15.950738
