Period,Mean,Standard Deviation
after,11.509853,14.981551
before,13.488261,16.570316
