Period,Mean,Standard Deviation
after,11.838314,15.498034
before,12.689235,15.733995
