Period,Mean,Standard Deviation
after,10.0417385,12.804115
before,11.509853,14.981551
