Period,Mean,Standard Deviation
after,11.062469,14.282333
before,11.901325,15.195702
