Period,Mean,Standard Deviation
after,11.640068,15.058953
before,13.707048,16.969675
