Period,Mean,Standard Deviation
after,11.365703,14.765561
before,11.969536,15.221287
