Period,Mean,Standard Deviation
after,12.351032,16.319475
before,13.488261,16.570316
