Period,Mean,Standard Deviation
after,9.3469095,11.878757
before,11.838314,15.498034
