Period,Mean,Standard Deviation
after,11.919634,15.622098
before,13.450822,16.678968
