Period,Mean,Standard Deviation
after,0.7541305,3.3903892
before,1.1983323,3.9561486
