Period,Mean,Standard Deviation
after,0.72439957,3.031912
before,1.3244594,4.4208865
