Period,Mean,Standard Deviation
after,0.71601874,3.1799839
before,1.194654,3.9424193
