Period,Mean,Standard Deviation
after,0.70844203,3.397905
before,1.0452276,3.4414957
