Period,Mean,Standard Deviation
after,0.5920491,2.6588488
before,0.7691439,3.1583846
