Period,Mean,Standard Deviation
after,0.67275393,2.9213543
before,1.2281628,3.9733522
