Period,Mean,Standard Deviation
after,0.6859484,3.400117
before,0.96207887,3.1032894
