Period,Mean,Standard Deviation
after,0.66998535,3.399681
before,0.9006835,2.9709258
