Period,Mean,Standard Deviation
after,0.6860296,3.1526268
before,0.83736306,2.9705942
