Period,Mean,Standard Deviation
after,0.6408576,2.9733553
before,0.7944075,2.9153862
