Period,Mean,Standard Deviation
after,0.83736306,2.9705942
before,1.5048356,5.868988
