Period,Mean,Standard Deviation
after,2.3887637,3.7827804
before,3.1406767,4.6579804
