Period,Mean,Standard Deviation
after,2.2356474,3.7834294
before,3.1377163,4.8883305
