Period,Mean,Standard Deviation
after,2.2345023,3.5906167
before,3.3778725,4.8425117
