Period,Mean,Standard Deviation
after,1.8965322,3.0741022
before,2.8620753,4.4679694
