Period,Mean,Standard Deviation
after,0.8699138,3.1438918
before,2.6207914,3.8881202
