Period,Mean,Standard Deviation
after,0.8449373,3.5667164
before,1.2331269,1.6956097
