Period,Mean,Standard Deviation
after,0.94029003,4.7058206
before,1.8631033,2.5919113
