Period,Mean,Standard Deviation
after,1.1160815,6.1834545
before,0.9535894,3.1177917
