Period,Mean,Standard Deviation
after,1.8874005,5.9458632
before,0.9164577,4.7074585
