Period,Mean,Standard Deviation
after,0.92972577,4.704698
before,1.4529468,1.9563067
