Period,Mean,Standard Deviation
after,0.95702195,5.4898124
before,1.0084796,1.4943719
