Period,Mean,Standard Deviation
after,1.7074212,6.8653474
before,0.94029003,4.7058206
