Period,Mean,Standard Deviation
after,0.79992944,2.923404
before,2.4295063,3.5043168
