Period,Mean,Standard Deviation
after,1.1730146,6.3585153
before,0.79992944,2.923404
