Period,Mean,Standard Deviation
after,0.9164577,4.7074585
before,1.6401333,2.2583144
