Period,Mean,Standard Deviation
after,1.2524269,7.4274454
before,0.8699138,3.1438918
