Period,Mean,Standard Deviation
after,4.2212753,7.3775544
before,6.7382383,10.195197
