Period,Mean,Standard Deviation
after,1.5950752,2.6267514
before,1.5638909,2.0171378
