Period,Mean,Standard Deviation
after,1.4590507,2.5130305
before,1.5951504,2.3987987
