Period,Mean,Standard Deviation
after,1.5976503,2.6060565
before,1.4887124,1.8705996
