Period,Mean,Standard Deviation
after,1.5951504,2.3987987
before,3.7890697,5.8581986
