Period,Mean,Standard Deviation
after,1.5720395,2.4105422
before,2.4747558,3.5227547
