Period,Mean,Standard Deviation
after,1.5773402,2.6975396
before,1.4647274,2.0420797
