Period,Mean,Standard Deviation
after,1.6176503,2.4713318
before,2.8204322,4.1294937
