Period,Mean,Standard Deviation
after,1.2136372,1.9848026
before,1.5720395,2.4105422
