Period,Mean,Standard Deviation
after,1.3655168,1.8513428
before,4.9703007,7.9873414
