Period,Mean,Standard Deviation
after,1.5797745,2.3830578
before,3.2908835,5.0035176
