Period,Mean,Standard Deviation
after,1.5938534,2.6807005
before,1.3655168,1.8513428
