Period,Mean,Standard Deviation
after,1.5276018,2.6536965
before,1.6339166,2.4574583
