Period,Mean,Standard Deviation
after,1.4793519,2.6409972
before,1.6039075,2.4601374
