Period,Mean,Standard Deviation
after,1.3207314,2.6090777
before,1.5802406,2.6612291
