Period,Mean,Standard Deviation
after,1.2783703,2.6141388
before,1.5516018,2.6595728
