Period,Mean,Standard Deviation
after,1.2776574,2.6144168
before,1.5632315,2.6595912
