Period,Mean,Standard Deviation
after,1.5632315,2.6595912
before,1.6147038,2.4044166
