Period,Mean,Standard Deviation
after,1.5516018,2.6595728
before,1.6113334,2.4112532
