Period,Mean,Standard Deviation
after,1.1794537,2.3760972
before,1.4373056,2.6318076
