Period,Mean,Standard Deviation
after,1.4373056,2.6318076
before,1.6072223,2.4799316
