Period,Mean,Standard Deviation
after,1.5802406,2.6612291
before,1.6155556,2.3949015
