Period,Mean,Standard Deviation
after,1.5075926,2.6330588
before,1.6147038,2.4044166
