Period,Mean,Standard Deviation
after,1.7096416,3.3890023
before,1.9350991,3.8700712
