Period,Mean,Standard Deviation
after,1.9838717,4.0379167
before,1.6687192,3.3252997
