Period,Mean,Standard Deviation
after,1.9032942,3.9400077
before,1.8688824,3.8583007
