Period,Mean,Standard Deviation
after,1.7040963,3.3680785
before,1.9804599,3.9575496
