Period,Mean,Standard Deviation
after,1.8912728,3.8804247
before,1.9735187,3.9838889
