Period,Mean,Standard Deviation
after,1.8727192,3.9355276
before,1.9925159,4.0404396
