Period,Mean,Standard Deviation
after,2.0478878,4.0451374
before,1.9350991,3.8700712
