Period,Mean,Standard Deviation
after,1.9657406,3.9935026
before,1.7557834,3.5056486
