Period,Mean,Standard Deviation
after,1.7583718,3.5649438
before,1.9439627,4.0292826
