Period,Mean,Standard Deviation
after,1.8984467,3.8721352
before,1.9657406,3.9935026
