Period,Mean,Standard Deviation
after,2.0083878,3.9767313
before,1.7040963,3.3680785
