Period,Mean,Standard Deviation
after,5.0770235,5.3010097
before,6.1491456,6.5348773
