Period,Mean,Standard Deviation
after,0.77157694,1.8112676
before,1.2109487,1.2759784
