Period,Mean,Standard Deviation
after,1.6261666,2.0868037
before,1.5817692,1.5807496
