Period,Mean,Standard Deviation
after,0.79801285,1.8098974
before,1.3817949,1.5175827
