Period,Mean,Standard Deviation
after,1.4499358,1.6629206
before,3.3068078,3.4854667
