Period,Mean,Standard Deviation
after,0.7806026,1.8144143
before,1.3289489,1.4610664
