Period,Mean,Standard Deviation
after,1.0801538,1.8237157
before,0.9441026,0.9747519
