Period,Mean,Standard Deviation
after,1.4190255,1.5873129
before,3.7375128,3.9760647
