Period,Mean,Standard Deviation
after,1.5444615,1.8636717
before,2.3979743,2.4821956
