Period,Mean,Standard Deviation
after,1.5889103,1.9341532
before,1.5444615,1.8636717
