Period,Mean,Standard Deviation
after,0.93689746,1.8001491
before,1.4190255,1.5873129
