Period,Mean,Standard Deviation
after,0.92734617,1.8048203
before,1.4499358,1.6629206
