Period,Mean,Standard Deviation
after,0.7803077,1.8287559
before,1.1837307,1.2385352
