Period,Mean,Standard Deviation
after,1.6742343,4.0927696
before,1.9064065,4.3901114
