Period,Mean,Standard Deviation
after,1.4600655,3.6048543
before,1.5914842,3.9107676
