Period,Mean,Standard Deviation
after,1.6423968,3.8447142
before,2.1667798,4.9290853
