Period,Mean,Standard Deviation
after,1.6975892,3.9669209
before,2.1396449,4.9050603
