Period,Mean,Standard Deviation
after,1.6879086,4.0933294
before,1.6975892,3.9669209
