Period,Mean,Standard Deviation
after,1.5814624,3.8777688
before,1.6423968,3.8447142
