Period,Mean,Standard Deviation
after,1.4250993,3.3332982
before,2.1396449,4.9050603
