Period,Mean,Standard Deviation
after,1.4861349,3.7208805
before,1.7017441,4.1038957
