Period,Mean,Standard Deviation
after,1.4967519,3.6983266
before,1.6895635,4.0753374
