Period,Mean,Standard Deviation
after,1.6895635,4.0753374
before,2.0417776,4.6372004
