Period,Mean,Standard Deviation
after,2.6065707,4.8927016
before,2.3327584,4.0884237
