Period,Mean,Standard Deviation
after,2.0056682,3.3684816
before,3.9089105,7.8948298
