Period,Mean,Standard Deviation
after,2.3494616,4.7557645
before,2.5769103,4.2695637
