Period,Mean,Standard Deviation
after,1.8982974,3.2050233
before,3.8631835,7.7690153
