Period,Mean,Standard Deviation
after,2.6007602,5.0855722
before,1.8982974,3.2050233
