Period,Mean,Standard Deviation
after,2.4040205,4.7673616
before,2.6436512,4.6130447
