Period,Mean,Standard Deviation
after,2.0611389,3.4438422
before,3.8487148,7.7107697
