Period,Mean,Standard Deviation
after,2.5769103,4.2695637
before,3.1743572,6.1429687
