Period,Mean,Standard Deviation
after,2.4377353,4.8779073
before,2.1490178,3.5092633
