Period,Mean,Standard Deviation
after,2.3694143,4.7560377
before,2.5369544,4.3608727
