Period,Mean,Standard Deviation
after,13.840805,21.185186
before,10.274009,13.095254
