Period,Mean,Standard Deviation
after,13.830629,20.863216
before,11.139908,14.403152
