Period,Mean,Standard Deviation
after,11.5139885,15.177214
before,10.001481,12.809554
