Period,Mean,Standard Deviation
after,13.309391,19.442566
before,10.224875,13.006938
