Period,Mean,Standard Deviation
after,14.1646595,21.789991
before,10.3213625,13.184124
