Period,Mean,Standard Deviation
after,13.183675,20.166578
before,12.253922,16.909071
