Period,Mean,Standard Deviation
after,12.956388,18.807434
before,13.309391,19.442566
