Period,Mean,Standard Deviation
after,14.262993,21.324615
before,10.2870655,13.132935
