Period,Mean,Standard Deviation
after,13.735383,20.703566
before,11.5139885,15.177214
