Period,Mean,Standard Deviation
after,12.253922,16.909071
before,10.129846,13.037599
