Period,Mean,Standard Deviation
after,13.589433,20.322844
before,10.249443,13.049922
