Period,Mean,Standard Deviation
after,10.3213625,13.184124
before,10.035191,13.230754
