Period,Mean,Standard Deviation
after,11.892256,16.007816
before,10.105805,13.001263
