Period,Mean,Standard Deviation
after,13.417156,20.577114
before,11.892256,16.007816
