Period,Mean,Standard Deviation
after,10.086029,21.592176
before,10.2327175,22.21986
