Period,Mean,Standard Deviation
after,2.1062646,3.5183759
before,2.4306216,3.3177671
