Period,Mean,Standard Deviation
after,2.0284393,3.0651805
before,5.7968364,7.4085407
