Period,Mean,Standard Deviation
after,2.0333633,3.4980407
before,2.1343021,3.1137927
