Period,Mean,Standard Deviation
after,2.1676927,3.2973828
before,4.2678127,5.3568554
