Period,Mean,Standard Deviation
after,2.0836954,3.7693558
before,2.2640352,3.3878334
