Period,Mean,Standard Deviation
after,2.8207269,4.5174875
before,3.2199113,4.6936607
