Period,Mean,Standard Deviation
after,3.2199113,4.6936607
before,3.7713475,4.6486716
