Period,Mean,Standard Deviation
after,3.0992022,4.9730535
before,3.2677746,4.5167356
