Period,Mean,Standard Deviation
after,3.2513828,4.7019153
before,3.8408957,4.6755157
