Period,Mean,Standard Deviation
after,0.3407979,1.1116549
before,0.48149297,1.3938441
