Period,Mean,Standard Deviation
after,0.48149297,1.3938441
before,0.5653468,1.7211533
