Period,Mean,Standard Deviation
after,0.46018255,1.1630653
before,0.4384805,1.1827223
