Period,Mean,Standard Deviation
after,0.40532327,1.199466
before,0.44743356,1.3599753
