Period,Mean,Standard Deviation
after,0.36547002,0.98446995
before,0.49912542,1.3130484
