Period,Mean,Standard Deviation
after,0.4478151,1.4015214
before,0.5803048,1.8451246
