Period,Mean,Standard Deviation
after,0.49912542,1.3130484
before,0.53867334,1.4674153
