Period,Mean,Standard Deviation
after,0.46128887,1.1929783
before,0.44113183,1.262151
