Period,Mean,Standard Deviation
after,0.44113183,1.262151
before,0.62573755,1.9491913
