Period,Mean,Standard Deviation
after,0.39256603,1.0221777
before,0.5103918,1.3588291
