Period,Mean,Standard Deviation
after,0.34590274,1.1170367
before,0.48800993,1.4443905
