Period,Mean,Standard Deviation
after,0.5025982,1.4156388
before,0.5544722,1.5447395
