Period,Mean,Standard Deviation
after,0.3551647,0.9616302
before,0.46914688,1.3172488
