Period,Mean,Standard Deviation
after,0.48800993,1.4443905
before,0.5505447,1.6058435
