Period,Mean,Standard Deviation
after,0.49006242,1.0647073
before,0.62573755,1.9491913
