Period,Mean,Standard Deviation
after,0.46914688,1.3172488
before,0.5209068,1.4139032
