Period,Mean,Standard Deviation
after,0.44743356,1.3599753
before,0.5978048,1.9902661
