Period,Mean,Standard Deviation
after,0.5103918,1.3588291
before,0.5534851,1.5249254
