Period,Mean,Standard Deviation
after,0.4384805,1.1827223
before,0.64060354,1.9275382
