Period,Mean,Standard Deviation
after,0.37541226,1.131166
before,0.4478151,1.4015214
