Period,Mean,Standard Deviation
after,0.4808694,1.2681925
before,0.48526904,1.3436762
