Period,Mean,Standard Deviation
after,15.650105,13.649994
before,23.356098,19.724157
