Period,Mean,Standard Deviation
after,13.391347,11.598451
before,15.340781,13.023145
