Period,Mean,Standard Deviation
after,14.031124,12.193778
before,17.221073,14.509341
