Period,Mean,Standard Deviation
after,13.696329,11.856251
before,16.294947,13.690842
