Period,Mean,Standard Deviation
after,23.648758,22.067104
before,24.723051,21.074768
