Period,Mean,Standard Deviation
after,15.340781,13.023145
before,23.548347,19.855162
