Period,Mean,Standard Deviation
after,16.294947,13.690842
before,23.805973,20.030191
