Period,Mean,Standard Deviation
after,13.110147,11.379313
before,15.650105,13.649994
