Period,Mean,Standard Deviation
after,12.187207,10.443717
before,15.566441,13.670895
