Period,Mean,Standard Deviation
after,14.559475,12.688819
before,18.776442,15.9121065
