Period,Mean,Standard Deviation
after,15.566441,13.670895
before,24.210154,20.595203
