Period,Mean,Standard Deviation
after,17.221073,14.509341
before,23.990763,20.206692
