Period,Mean,Standard Deviation
after,18.776442,15.9121065
before,24.129177,20.39848
