Period,Mean,Standard Deviation
after,14.473967,12.592236
before,23.122993,19.462824
