Period,Mean,Standard Deviation
after,2.9632459,4.7729025
before,3.0068436,3.9451218
