Period,Mean,Standard Deviation
after,2.6864047,4.8413386
before,2.6127815,3.7153282
