Period,Mean,Standard Deviation
after,2.9681754,4.2904086
before,7.8223004,10.251002
