Period,Mean,Standard Deviation
after,2.8871505,4.4278097
before,6.2227225,7.9448824
