Period,Mean,Standard Deviation
after,2.2221975,3.8205693
before,2.8330162,4.3578615
