Period,Mean,Standard Deviation
after,2.4229572,4.3187027
before,2.9420965,4.5023947
