Period,Mean,Standard Deviation
after,4.8979154,21.118103
before,4.6865454,19.986485
