Period,Mean,Standard Deviation
after,4.5947027,20.406794
before,4.4943223,19.257296
