Period,Mean,Standard Deviation
after,4.8917804,21.632439
before,4.5276194,19.203775
