Period,Mean,Standard Deviation
after,4.8522253,21.173485
before,4.5592995,18.987831
