Period,Mean,Standard Deviation
after,4.6865454,19.986485
before,4.4228516,16.655384
