Period,Mean,Standard Deviation
after,4.5784674,20.542171
before,4.4476056,19.307135
