Period,Mean,Standard Deviation
after,4.6402326,20.214626
before,4.4476056,19.307135
