Period,Mean,Standard Deviation
after,0.8036711,1.6469117
before,2.7748463,4.5477915
