Period,Mean,Standard Deviation
after,0.5772633,1.1878955
before,0.8036711,1.6469117
