Period,Mean,Standard Deviation
after,0.6419435,1.4569155
before,0.9842234,1.6311215
