Period,Mean,Standard Deviation
after,0.87412786,1.8710948
before,3.5635545,6.801382
