Period,Mean,Standard Deviation
after,0.5441154,1.0529159
before,0.7794062,1.5950931
