Period,Mean,Standard Deviation
after,0.59213877,1.454648
before,0.85318935,1.7593544
