Period,Mean,Standard Deviation
after,0.7546346,1.5453062
before,2.2674751,3.5168378
