Period,Mean,Standard Deviation
after,0.5168646,0.9203632
before,0.7546346,1.5453062
