Period,Mean,Standard Deviation
after,0.85318935,1.7593544
before,3.1555152,5.649369
