Period,Mean,Standard Deviation
after,0.6077741,1.4510115
before,0.9863579,1.7499462
