Period,Mean,Standard Deviation
after,0.66852576,1.4710813
before,1.2169642,1.833927
