Period,Mean,Standard Deviation
after,0.9842234,1.6311215
before,3.4831061,6.5514083
