Period,Mean,Standard Deviation
after,0.8241279,1.6936425
before,2.9398131,5.1178026
