Period,Mean,Standard Deviation
after,2.4915001,3.0076284
before,2.6728652,3.2504854
