Period,Mean,Standard Deviation
after,2.5200794,3.0804768
before,2.6713333,3.1894794
