Period,Mean,Standard Deviation
after,2.6261668,3.3376508
before,2.0777063,2.2474108
