Period,Mean,Standard Deviation
after,2.6499524,3.3346412
before,1.8836348,1.9842651
