Period,Mean,Standard Deviation
after,2.4963174,3.1644304
before,2.6318095,3.0542736
