Period,Mean,Standard Deviation
after,2.6713333,3.1894794
before,3.3561273,4.0394154
