Period,Mean,Standard Deviation
after,2.5360081,3.2523835
before,2.2589128,2.5067365
